"Outcome","OR_continuous","CI_low_cont","CI_high_cont","p_continuous","OR_Q1vsQ4","CI_low_Q1","CI_high_Q1","p_Q1vsQ4"
"Fair/Poor Health",0.811640866922275,0.742673486782712,0.887012810585333,0.000853391138804181,2.06719266925835,1.42166010524041,3.00584191402969,0.00415289288593111
"Difficulty Walking",0.781124906693321,0.674123517121263,0.905110271871577,0.00542783565946596,4.51440514153534,1.95551370039681,10.4217391971149,0.00567754076688845
"Depression",0.896976670020316,0.767333751467241,1.0485230775035,0.143571219889749,1.40052506647679,0.787872367131988,2.48957895168981,0.19261185559795
